{
    "model_architecture": {
        "input_size": 784,
        "hidden_layers": [
            512,
            256,
            128
        ],
        "output_size": 10,
        "dropout": 0.2,
        "total_params": 567434,
        "trainable_params": 567434
    },
    "training_config": {
        "batch_size": 128,
        "learning_rate": 0.001,
        "optimizer": "Adam",
        "loss_function": "CrossEntropyLoss",
        "num_epochs": 20,
        "device": "cuda"
    },
    "training_history": {
        "train_losses": [
            0.302759069552236,
            0.12671907867259308,
            0.09314112009496482,
            0.07573018134283677,
            0.06421825369454619,
            0.05684908967453248,
            0.0507651298465247,
            0.048160939864111324,
            0.04029530901916083,
            0.03714624155385505,
            0.03633102436668115,
            0.03632723053208372,
            0.0330619841944605,
            0.027426677978168657,
            0.028754917488220944,
            0.027636835049129903,
            0.025258478332821754,
            0.024912274869117658,
            0.02197893478912361,
            0.02778026621268967
        ],
        "train_accs": [
            90.77333333333333,
            96.25333333333333,
            97.19666666666667,
            97.74,
            98.03166666666667,
            98.255,
            98.41833333333334,
            98.515,
            98.725,
            98.83333333333333,
            98.905,
            98.87833333333333,
            98.96333333333334,
            99.10166666666667,
            99.09,
            99.155,
            99.19166666666666,
            99.27,
            99.32666666666667,
            99.20333333333333
        ],
        "test_losses": [
            0.1172682965775551,
            0.10616103694125821,
            0.09571706720140079,
            0.07254009534084663,
            0.07197870049810573,
            0.07724619499474758,
            0.06595844633110447,
            0.06651696531556395,
            0.06662616971898618,
            0.06856372476767883,
            0.07181321196459309,
            0.06402146130117044,
            0.05985128508735768,
            0.07870031449505394,
            0.06886459075551168,
            0.07751666619941129,
            0.06754049764458614,
            0.07383717496017934,
            0.08236426100866269,
            0.06482601661379037
        ],
        "test_accs": [
            96.24,
            96.66,
            96.84,
            97.8,
            97.91,
            97.84,
            98.11,
            98.14,
            98.28,
            98.32,
            98.06,
            98.32,
            98.47,
            98.02,
            98.23,
            98.16,
            98.34,
            98.28,
            98.2,
            98.44
        ]
    },
    "final_results": {
        "final_train_acc": 99.20333333333333,
        "final_test_acc": 98.44,
        "training_time_seconds": 128.7186210155487,
        "training_time_minutes": 2.145310350259145
    },
    "class_performance": {
        "class_accuracies": [
            99.28571428571429,
            99.38325991189427,
            98.25581395348837,
            99.10891089108911,
            97.9633401221996,
            97.6457399103139,
            98.32985386221294,
            98.73540856031128,
            98.25462012320328,
            97.22497522299307
        ],
        "class_correct": [
            973,
            1128,
            1014,
            1001,
            962,
            871,
            942,
            1015,
            957,
            981
        ],
        "class_total": [
            980,
            1135,
            1032,
            1010,
            982,
            892,
            958,
            1028,
            974,
            1009
        ]
    },
    "confusion_matrix": [
        [
            973,
            1,
            1,
            1,
            0,
            1,
            2,
            0,
            0,
            1
        ],
        [
            0,
            1128,
            1,
            1,
            0,
            2,
            1,
            1,
            1,
            0
        ],
        [
            2,
            0,
            1014,
            8,
            1,
            0,
            2,
            4,
            1,
            0
        ],
        [
            0,
            0,
            0,
            1001,
            0,
            1,
            0,
            4,
            3,
            1
        ],
        [
            0,
            0,
            2,
            0,
            962,
            2,
            5,
            2,
            3,
            6
        ],
        [
            2,
            0,
            0,
            12,
            1,
            871,
            2,
            0,
            3,
            1
        ],
        [
            2,
            3,
            0,
            1,
            5,
            4,
            942,
            0,
            0,
            1
        ],
        [
            1,
            1,
            4,
            0,
            0,
            0,
            0,
            1015,
            3,
            4
        ],
        [
            2,
            0,
            1,
            4,
            0,
            4,
            0,
            4,
            957,
            2
        ],
        [
            1,
            2,
            0,
            5,
            11,
            2,
            0,
            5,
            2,
            981
        ]
    ]
}